The Bahamas;The Bahamas;unknown
Barbados;Barbados;unknown
Buenos Aires;Argentina;unknown
Sao Paulo;Brazil;unknown
Rio de Janeiro;Brazil;unknown
Salvador;Brazil;unknown
Santiago;Chile;unknown
Cartagena;Colombia;unknown
Quito;Ecuador;unknown
Asuncin;Paraguay;unknown
Lima;Peru;unknown
Caracas;Venezuela;unknown
Montevideo;Uruguay;unknown
Cape Verde;Cabo Verde;unknown
Greenland;Greenland;unknown
Antarctica;Antarctica;unknown
Maldives;Maldives;unknown
Cambodia;Cambodia;unknown
Ubud;Indonesia;unknown
Playa del Carmen;Mexico;unknown
Cuscu;Peru;unknown
Atacama;Chile;unknown
Sahara Desert;Egypt;unknown
Brittany;France;unknown
Transylvania;Romania;unknown
Botswana;Botswana;unknown
Patagonia;Argentina Chile;unknown
Geirangerfjord;Norway;unknown
Lao Kai;Vietnam;unknown
Salar De Uyuni;Bolivia;unknown
Yosemite;USA;unknown
Lake Banff;Canada;unknown
Alaska;USA;unknown
Pamukkale;Turkey;unknown
Meteora;Greece;unknown
Fiordland;New Zealand;unknown
Korsika;France;unknown
Sardinia;Italy;unknown
Monte Carlo;Monaco;unknown
Kotor;Montenegro;unknown
Bilbao;Spain;unknown
Arcachon;France;unknown
St. Malo;France;unknown
Auvergne;France;unknown
Estonia;Estonia;unknown
Costa Rica;Costa Rica;unknown
Western Australia;Australia;unknown
Australia;Australia;unknown
Xian;China;unknown
Croatia;Croatia;unknown
Puerto Rico;Puerto Rico;unknown
Tenerife;Tenerife;unknown
Fuerteventura;Spain;unknown
Malta;Malta;unknown
La Gomera;Spain;unknown
Argentina;Argentina;unknown
White Desert;Egypt;unknown
Palm Springs;USA;unknown
Bibione;Italy;unknown
San Vito Lo Capo;Italy;unknown
Cavallino-Treporti;Italy;unknown
Lido di Jesolo;Italy;unknown
Spiaggia dei Conigli;Italy;unknown
Capo Vaticano;Italy;unknown
Shkodr;Albania;unknown
Algier;Algeria;unknown
In Salah;Algeria;unknown
Atigua;Antigua and Barbuda;unknown
Barbuda;Antigua and Barbuda;unknown
Baha Blanca;Argentina;unknown
Sarmiento;Argentina;unknown
Alice Springs;Australia;unknown
Angra do Herosmo;Azores;unknown
Madeira;Azores;unknown
Bragana;Portugal;unknown
Formentera Island (Spain);Balearic Islands;unknown
Minorca;Balearic Islands;unknown
Maluku Islands;Indonesia;unknown
Borneo;Indonesia;unknown
Ujung Padang;Indonesia;unknown
St. Lucia;South Africa;unknown
Castries;St. Lucia;unknown
Kingstown;Saint Vincent and the Grenadines;unknown
St. George's;Grenada;unknown
La Paz;Bolivia;unknown
Gran Chaco;Bolivia;unknown
So Francisco do Sul;Brazil;unknown
Goiania;Brazil;unknown
Porto Alegre;Brazil;unknown
Punta Arenas;Chile;unknown
Xinjiang;China;unknown
Huang He;China;unknown
Manchuria;China;unknown
Chongqing;China;unknown
Macau;China;unknown
Punta Arenas;Chile;unknown
San Jos;Costa Rica;unknown
Faroe Islands;Denmark;unknown
Aero Island;Denmark;unknown
Falster;Denmark;unknown
Langeland;Denmark;unknown
Lolland;Denmark;unknown
Jutland;Denmark;unknown
Fanoe;Denmark;unknown
Sankt Peter-Ording;Germany;unknown
Isernhagen;Germany;unknown
Neuschwanstein Castle;Germany;unknown
Tahiti;French Polonesia;unknown
Hispaniola;Greater Antilles;unknown
La Altagracia;Dominican Republic;unknown
El Hierro;Canary Islands;unknown
San Salvador;El Salvador;unknown
Isles of Scilly;England;unknown
Isle of Wight;England;unknown
Tintagel;England;unknown
Birmingham;England;unknown
Liverpool;England;unknown
Manchester;England;unknown
Nottingham;England;unknown
Windsor;England;unknown
Bristol;England;unknown
Oxford;England;unknown
Chillern Hills;England;unknown
Ridgeway Path;England;unknown
Lake District;England;unknown
Blackpool;England;unknown
Peak District;England;unknown
Chester Plain;England;unknown
Cheshire Plain;England;unknown
Isle of Man;England;unknown
Newcastle;England;unknown
Northumberland Park;England;unknown
Yorkshire Park;England;unknown
Leeds;England;unknown
Lindisfarne Island;England;unknown
Berwick-upon-Tweed;England;unknown
Cleveland Hills;England;unknown
Angel of the North;England;unknown
Carlisle;England;unknown
Edinburgh;Scotland;unknown
Glasgow;Scotland;unknown
Galloway;Scotland;unknown
Highlands;Scotland;unknown
Skye;Scotland;unknown
Hebrides;Scotland;unknown
Orkney;Scotland;unknown
Shetland;Scotland;unknown
Isle of Arran;Scotland;unknown
Dundee;Scotland;unknown
Dumfries;Scotland;unknown
Scottish Borders;Scotland;unknown
St. Andrews;Scotland;unknown
Glens of Antrim;Northern Ireland;unknown
Glenariff;Northern Ireland;unknown
Causeway Coast;Northern Ireland;unknown
Sperrin Mountains;Northern Ireland;unknown
Armagh;Northern Ireland;unknown
Mourne Mountains;Northern Ireland;unknown
Wicklow Mountains;Ireland;unknown
County Kerry;Ireland;unknown
Monaghan;Ireland;unknown
Drumlane;Ireland;unknown
Tullynally Castle;Ireland;unknown
Fore Abbey;Ireland;unknown
Kells;Ireland;unknown
Carlingford;Ireland;unknown
Monasterboice;Ireland;unknown
Boyne Valley;Ireland;unknown
Mellifont Abbey;Ireland;unknown
Hill of Tara;Ireland;unknown
Athlone;Ireland;unknown
Clonmacnoise;Ireland;unknown
Saaremaa;Estonia;unknown
Pirita;Estonia;unknown
Trshavn;Faroe Islands;unknown
La Savina;Formentera Island (Spain);unknown
Es Pujols;Formentera Island (Spain);unknown
La Mola;Spain;unknown
Cap de Barbaria;Formentera Island (Spain);unknown
Playa de Ses Illetes;Formentera Island (Spain);unknown
Platja de Llevant;Formentera Island (Spain);unknown
Es Pujols;Formentera Island (Spain);unknown
Playa Sa Roqueta;Formentera Island (Spain);unknown
San Fernando;Spain;unknown
Sant Francesc;Formentera Island (Spain);unknown
Playa de Migjorn;Formentera Island (Spain);unknown
Platja de Tramuntana;Formentera Island (Spain);unknown
Es Calo;Formentera Island (Spain);unknown
El Pilar;Formentera Island (Spain);unknown
Almera;Andalusia Spain;unknown
Cndiz;Andalusia Spain;unknown
Crdoba;Andalusia Spain;unknown
Granada;Andalusia Spain;unknown
Huelva;Andalusia Spain;unknown
Jan;Andalusia Spain;unknown
Mlaga;Andalusia Spain;unknown
Seville;Andalusia Spain;unknown
Guadalquivir;Andalusia Spain;unknown
Marco de Jerez;Andalusia Spain GOLF!!;unknown
Condado de Huelva;Andalusia Spain;unknown
Montilla-Moriles;Andalusia Spain;unknown
Costa del Sol;Andalusia Spain;unknown
Costa De La Luz;Andalusia Spain;unknown
Sotogrande;Andalusia Spain GOLF!!;unknown
Nerja;Andalusia Spain;unknown
Almunecar;Andalusia Spain;unknown
Salobrena;Andalusia Spain;unknown
Torremolinos;Andalusia Spain;unknown
Fuengirola;Andalusia Spain;unknown
Ronda;Andalusia Spain;unknown
Los Caos de Meca;Andalusia Spain;unknown
Playa de la Barrosa;Andalusia Spain;unknown
Conil de la Frontera;Andalusia Spain;unknown
Jerez;Andalusia Spain;unknown
Sanlcar de Barrameda;Andalusia Spain;unknown
Doana National Park;Andalusia Spain;unknown
Costa Blanca;Spain;unknown
Region of Murcia;Spain;unknown
Elche;Spain;unknown
Monver;Spain;unknown
La Manga;Spain;unknown
Alcal de Xivert;Spain;unknown
Alcossebre;Spain;unknown
Castelln de la Plana;Spain;unknown
Oropesa del Mar;Spain;unknown
Sant Mateu;Spain;unknown
Moraira;Spain;unknown
Villajoyosa;Spain;unknown
Chulila;Spain;unknown
El Palmar;Spain;unknown
El Saler;Spain;unknown
Lloret De Mar;Costa Brava Spain;unknown
El Port de la Selva;Costa Brava Spain;unknown
Llanca;Costa Brava Spain;unknown
Figueres;Costa Brava Spain;unknown
L`Escala;Costa Brava Spain;unknown
L`Estartit;Costa Brava Spain;unknown
San Pere Pescador;Costa Brava Spain;unknown
Torroella De Montgri;Costa Brava Spain;unknown
Callella De Palafrugell;Costa Brava Spain;unknown
Llafranc;Costa Brava Spain;unknown
Tamariu;Costa Brava Spain;unknown
La Bisbal D`Emporda;Costa Brava Spain;unknown
Madremanya;Costa Brava Spain;unknown
Peralada;Costa Brava Spain;unknown
Santuari Dels Angels;Costa Brava Spain;unknown
Ullastret;Costa Brava Spain;unknown
Roses;Costa Brava Spain;unknown
Empuriabrava;Costa Brava Spain;unknown
Natural Park of the Aiguamolls de l'Empord;Costa Brava Spain;unknown
Sant Feliu de Guixols;Costa Brava Spain;unknown
Platja DAro;Costa Brava Spain;unknown
S'agaro;Costa Brava Spain;unknown
Tossa De Mar;Costa Brava Spain;unknown
Serra de l'Albera Natural Park;Costa Brava Spain;unknown
Restinga;El Hierro Canarias;unknown
El Pinar;Canary Islands;unknown
El Sabinar;Canary Islands;unknown
Faro de Orchilla;El Hierro Canarias;unknown
El Golfo Valley;El Hierro Canarias;unknown
Puerto del Rosario;Fuerteventura;unknown
Caleta de Fuste;Fuerteventura;unknown
La Lajita;Spain;unknown
Morro Jable;Fuerteventura;unknown
Baha Feliz;Gran Canaria;unknown
Playa del Ingls;Gran Canaria;unknown
Playa de Taurito;Gran Canaria;unknown
Maspalomas;Gran Canaria;unknown
San Agustin;Gran Canaria;unknown
Puerto Rico;Gran Canaria;unknown
Puerto de Mogan;Gran Canaria;unknown
Sant Antoni;Ibiza Spain;unknown
Cala Blanca;Ibiza Spain;unknown
Es Figueral;Ibiza Spain;unknown
Santa Eulalia;Ibiza Spain;unknown
Sant Josep;Ibiza Spain;unknown
Sant Joan;Ibiza Spain;unknown
La Marina;Ibiza Spain;unknown
Sa Talaiassa;Ibiza Spain;unknown
San Carlos;Ibiza Spain;unknown
Illa de Tagomago;Ibiza Spain;unknown
Portinatx;Ibiza Spain;unknown
Sant Gertrudis;Ibiza Spain;unknown
Sant Llorenc des Cardassar;Ibiza Spain;unknown
San Rafael de Forca;Ibiza Spain;unknown
Santiago De Compostela;Camino de Santiago;unknown
Cape Finisterre;Camino de Santiago;unknown
Somport;Camino de Santiago;unknown
French Way;Camino de Santiago;unknown
Rioja;Camino de Santiago;unknown
Leon;Camino de Santiago;unknown
Galicia;Camino de Santiago;unknown
Camino Aragons;Camino de Santiago;unknown
Canfranc;Camino de Santiago;unknown
Gibraltar;Spain;unknown
Ionian Islands;Greece;unknown
Delphi;Greece;unknown
Pineios;Greece;unknown
Mount Athos;Greece;unknown
Attica;Greece;unknown
Ionian Islands;Greece;unknown
Chalkidiki;Greece;unknown
Sporades;Greece;unknown
Peloponnese;Greece;unknown
Thrace;Greece;unknown
Epirus;Greece;unknown
Thessaly;Greece;unknown
Evia;Greece;unknown
Boeotia;Greece;unknown
Phocis;Greece;unknown
Locris;Greece;unknown
Aetolia;Greece;unknown
Arcadia;Greece;unknown
Saronic Islands;Greece;unknown
Argolis;Greece;unknown
Heraion;Greece;unknown
Archaia Nemea;Greece;unknown
Hydra;Greece;unknown
Spetses;Greece;unknown
Nikopolis;Greece;unknown
Metsovo;Greece;unknown
Messene;Greece;unknown
Sicyon;Greece;unknown
Kechries;Greece;unknown
Mani Peninsula;Greece;unknown
Kalambaka;Greece;unknown
Kastraki;Greece;unknown
Monemvasia;Greece;unknown
Mycenae;Greece;unknown
Olympia;Greece;unknown
Patras;Greece;unknown
Amorgos Island;Greece;unknown
Chios Island;Greece;unknown
Delos Island;Greece;unknown
Icaria Island;Greece;unknown
Ios Island;Greece;unknown
Karpathos Island;Greece;unknown
Kastellorizo Island;Greece;unknown
Kea Island;Greece;unknown
Kos Island;Greece;unknown
Lesbos;Greece;unknown
Lemnos;Greece;unknown
Milos;Greece;unknown
Paros;Greece;unknown
Patmos;Greece;unknown
Samos;Greece;unknown
Samothraki;Greece;unknown
Serifos;Greece;unknown
Skiathos;Greece;unknown
Skyros;Greece;unknown
Syros;Greece;unknown
Thassos;Greece;unknown
Tinos;Greece;unknown
Qaanaaq;Greenland;unknown
Baffin Bay;Greenland;unknown
Nuuk;Greenland;unknown
Antigua Guatemala;Guatemala;unknown
Livingston;Guatemala;unknown
Quetzaltenango;Guatemala;unknown
Chichicastenango;Guatemala;unknown
Georgetown;Guyana;unknown
Pepeekeo;Hawaii;unknown
Vlissingen;Netherlands;unknown
Utrecht;Netherlands;unknown
Bwindi Impenetrable National Park;Uganda;unknown
Djem LFna;Morocco;unknown
Durban;South Africa;unknown
Pretoria;South Africa;unknown
Port Elizabeth;South Africa;unknown
Bloemfontein;South Africa;unknown
Pietermaritzburg;South Africa;unknown
Knysna;South Africa;unknown
George;South Africa;unknown
Polokwane;South Africa;unknown
Hermanus;South Africa;unknown
Plettenberg Bay;South Africa;unknown
Windhoek;Namibia;unknown
Walvis Bay;Namibia;unknown
Henties Bay;Namibia;unknown
Swakopmund;Namibia;unknown
Lderitz;Namibia;unknown
Mahango Game Park;Namibia;unknown
Keetmanshoop;Namibia;unknown
Etosha Pan;Namibia;unknown
Otjiwarongo;Namibia;unknown
Maseru;Lesotho;unknown
Tsehlanyane National Park;Lesotho;unknown
Katse Dam;Lesotho;unknown
Gaborone;Botswana;unknown
Kgalagadi Transfrontier Park;Botswana;unknown
Maun;Botswana;unknown
Bulawayo;Zimbabwe;unknown
Harare;Zimbabwe;unknown
Maputo;Mozambique;unknown
Vilanculos;Mozambique;unknown
Quirimbas Islands;Mozambique;unknown
Bazaruto Archipelago;Mozambique;unknown
Nacala;Mozambique;unknown
Luanda;Angola;unknown
Kissama;Angola;unknown
Benguela;Angola;unknown
Maiombe Forest;Angola;unknown
Lobito;Angola;unknown
Huambo;Angola;unknown
Malanje;Angola;unknown
Lusaka;Zambia;unknown
Chipata City;Zambia;unknown
South Luangwa National Park;Zambia;unknown
Lower Zambezi River;Zambia;unknown
Kasaba Bay;Zambia;unknown
Lilongwe;Malawi;unknown
Blantyre;Malawi;unknown
Zomba;Malawi;unknown
Mzuzu;Malawi;unknown
Dodoma;Tanzania;unknown
Mwanza;Tanzania;unknown
Kigoma;Tanzania;unknown
Mpwapwa;Tanzania;unknown
The Selous;Tanzania;unknown
Shinyanga;Tanzania;unknown
Karatu;Tanzania;unknown
Arusha;Tanzania;unknown
Serengeti National Park;The Democratic Republic of the Congo;unknown
Kigali;Rwanda;unknown
Butare;Rwanda;unknown
Gisenyi;Rwanda;unknown
Ruhengeri;Rwanda;unknown
Gitarama;Rwanda;unknown
Kibuye;Rwanda;unknown
Rwamagana;Rwanda;unknown
Cyangugu;Rwanda;unknown
Byumba;Rwanda;unknown
Nyagatare;Rwanda;unknown
Nyanza;Rwanda;unknown
Murambi;Rwanda;unknown
Kibeho;Rwanda;unknown
Bujumbura;Burundi;unknown
Gitega;Burundi;unknown
Kirundo;Burundi;unknown
Muyinga;Burundi;unknown
Ngozi;Burundi;unknown
Ruyigi;Burundi;unknown
Kayanza;Burundi;unknown
Bururi;Burundi;unknown
Rutana;Burundi;unknown
Muramvya;Burundi;unknown
Makamba;Burundi;unknown
Lubumbashi;The Democratic Republic of the Congo;unknown
Mbuji-Mayi;The Democratic Republic of the Congo;unknown
Kananga;The Democratic Republic of the Congo;unknown
Kisangani;The Democratic Republic of the Congo;unknown
Bukavu;The Democratic Republic of the Congo;unknown
Tshikapa;The Democratic Republic of the Congo;unknown
Kolwezi;The Democratic Republic of the Congo;unknown
Likasi;The Democratic Republic of the Congo;unknown
Goma;The Democratic Republic of the Congo;unknown
Kikwit;The Democratic Republic of the Congo;unknown
Uvira;The Democratic Republic of the Congo;unknown
Bunia;The Democratic Republic of the Congo;unknown
Mbandaka;The Democratic Republic of the Congo;unknown
Matadi;The Democratic Republic of the Congo;unknown
Brazzaville;The Republic of Congo;unknown
Abala-Ndolo;The Republic of Congo;unknown
Djambala;The Republic of Congo;unknown
Dolisie;The Republic of Congo;unknown
Kayes;The Republic of Congo;unknown
Kinkala;The Republic of Congo;unknown
Madingo-Kayes;The Republic of Congo;unknown
Mossendjo;The Republic of Congo;unknown
Ousso;The Republic of Congo;unknown
Owando;The Republic of Congo;unknown
Pointe Noire;The Republic of Congo;unknown
Libreville;Gabon;unknown
Port-Gentil;Gabon;unknown
Oyem;Gabon;unknown
Franceville;Gabon;unknown
Moanda;Gabon;unknown
Mouila;Gabon;unknown
Tchibanga;Gabon;unknown
Koulamoutou;Gabon;unknown
Makokou;Gabon;unknown
Lambarn;Gabon;unknown
Malabo;Equatorial Guinea;unknown
Bata;Equatorial Guinea;unknown
Ebebiyin;Equatorial Guinea;unknown
Aconibe;Equatorial Guinea;unknown
Luba;Equatorial Guinea;unknown
Evinayong;Equatorial Guinea;unknown
Mongomo;Equatorial Guinea;unknown
Mikomeseng;Equatorial Guinea;unknown
Rebola;Equatorial Guinea;unknown
Aisoc;Equatorial Guinea;unknown
Naivasha;Kenya;unknown
Machakos;Kenya;unknown
Nyeri;Kenya;unknown
Lamu;Kenya;unknown
Malindi;Kenya;unknown
Eldoret;Kenya;unknown
Nakuru;Kenya;unknown
Kisumu;Kenya;unknown
Mombasa;Kenya;unknown
Nairobi;Kenya;unknown
Kampala;Uganda;unknown
Gulu;Uganda;unknown
Lira;Uganda;unknown
Mbarara;Uganda;unknown
Jinja;Uganda;unknown
Bwizibwera;Uganda;unknown
Mbale;Uganda;unknown
Mukono;Uganda;unknown
Kasese;Uganda;unknown
Masaka;Uganda;unknown
Douala;Cameroon;unknown
Yaound;Cameroon;unknown
Limbe;Cameroon;unknown
Kribi;Cameroon;unknown
Garoua;Cameroon;unknown
Bamenda;Cameroon;unknown
Foumban;Cameroon;unknown
Bafoussam;Cameroon;unknown
Ngaoundr;Cameroon;unknown
Maroua;Cameroon;unknown
Mbalmayo;Cameroon;unknown
Buea;Cameroon;unknown
Dschang;Cameroon;unknown
Kumba;Cameroon;unknown
Ebolowa;Cameroon;unknown
Nkongsamba;Cameroon;unknown
Bangangt;Cameroon;unknown
Tiko;Cameroon;unknown
Eda;Cameroon;unknown
Bandjoun;Cameroon;unknown
Mamfe;Cameroon;unknown
Koussri;Cameroon;unknown
Kumbo;Cameroon;unknown
Bangui;Central African Republic;unknown
Nola;Central African Republic;unknown
Boali;Central African Republic;unknown
Berbrati;Central African Republic;unknown
Bouar;Central African Republic;unknown
Bangassou;Central African Republic;unknown
Bria;Central African Republic;unknown
Bambari;Central African Republic;unknown
Bozoum;Central African Republic;unknown
Birao;Central African Republic;unknown
Carnot;Central African Republic;unknown
Bouca;Central African Republic;unknown
Paoua;Central African Republic;unknown
N'Dl;Central African Republic;unknown
Alindao;Central African Republic;unknown
Ouadda;Central African Republic;unknown
Kabo;Central African Republic;unknown
Obo;Central African Republic;unknown
Bocaranga;Central African Republic;unknown
Bobangui;Central African Republic;unknown
Juba;South Sudan;unknown
Wau;South Sudan;unknown
Malakal;South Sudan;unknown
Yei;South Sudan;unknown
Yambio;South Sudan;unknown
Aweil;South Sudan;unknown
Bentiu;South Sudan;unknown
Bor;South Sudan;unknown
Kapoeta;South Sudan;unknown
Kodok;South Sudan;unknown
Yirol;South Sudan;unknown
Kuajok;South Sudan;unknown
Maridi;South Sudan;unknown
Narus;South Sudan;unknown
Gondokoro;South Sudan;unknown
Yida;South Sudan;unknown
Awosaa;Ethiopia;unknown
Bahir Daar;Ethiopia;unknown
Axum;Ethiopia;unknown
MeQlei;Ethiopia;unknown
Debre' Zeit;Ethiopia;unknown
Nazreit;Ethiopia;unknown
Dillaa;Ethiopia;unknown
Debre' Berrhaan;Ethiopia;unknown
Jimma;Ethiopia;unknown
De'sie;Ethiopia;unknown
Addis Ababa;Ethiopia;unknown
Bahir Dar;Ethiopia;unknown
Lalibela;Ethiopia;unknown
Gondar;Ethiopia;unknown
Harar;Ethiopia;unknown
Dire Dawa;Ethiopia;unknown
Adama;Ethiopia;unknown
Mek'ele;Ethiopia;unknown
Awasa;Ethiopia;unknown
Adigrat;Ethiopia;unknown
Bishoftu;Ethiopia;unknown
Jijiga;Ethiopia;unknown
Nekemte;Ethiopia;unknown
Dessie;Ethiopia;unknown
Debre Marqos;Ethiopia;unknown
Shashamane;Ethiopia;unknown
Arba Minch;Ethiopia;unknown
Soweto;South Africa;unknown
Khayelitsha;South Africa;unknown
iBhayi;South Africa;unknown
Jeffreysbay;South Africa;unknown
East London;South Africa;unknown
Togdheer;Somalia;unknown
Nugaal;Somalia;unknown
Bari;Somalia;unknown
Sanaag;Somalia;unknown
Mudug;Somalia;unknown
Hammanskraal;South Africa;unknown
Mogadishu;Somalia;unknown
Somaliland;Somalia;unknown
Hargeisa;Somalia;unknown
Burao;Somalia;unknown
Bosaso;Somalia;unknown
Djibouti;Djibouti;unknown
Obock;Djibouti;unknown
Asmara;Eritrea;unknown
Massawa;Eritrea;unknown
Tessenei;Eritrea;unknown
The Sahel;Eritrea;unknown
Khartoum;Sudan;unknown
Meroe Pyramids;Sudan;unknown
Port Sudan;Sudan;unknown
Atbara;Sudan;unknown
Karima;Sudan;unknown
Dongola;Sudan;unknown
Wadi Halfa;Sudan;unknown
N'Djamena;Chad;unknown
Niamey;Niger;unknown
Agadez;Niger;unknown
Zinder;Niger;unknown
Balleyara Market;Niger;unknown
Diffa;Niger;unknown
Cotonou;Benin;unknown
Parakou;Benin;unknown
Grand Popo;Benin;unknown
Abomey;Benin;unknown
Ganvie;Benin;unknown
Abuja;Nigeria;unknown
Calabar;Nigeria;unknown
Lagos;Nigeria;unknown
Uyo;Nigeria;unknown
Kara;Togo;unknown
Lom;Togo;unknown
Kpalime;Togo;unknown
Accra;Ghana;unknown
Kumasi;Ghana;unknown
The Volta Region;Ghana;unknown
Koforidua;Ghana;unknown
Cape Coast;Ghana;unknown
Sekondi-Takoradi;Ghana;unknown
Tamale;Ghana;unknown
Ouagadougou;Burkino Faso;unknown
Bobo-Dioulasso;Burkino Faso;unknown
Banfora;Burkino Faso;unknown
Abidjan;Cte d'Ivoire;unknown
Yamoussoukro;Cte d'Ivoire;unknown
San Pedro;Cte d'Ivoire;unknown
Bouak;Cte d'Ivoire;unknown
Monorovia;Liberia;unknown
Robertsport;Liberia;unknown
Paynesville;Liberia;unknown
Providence Island;Liberia;unknown
Mount Nimba Strict Nature Reserve;Guinea;unknown
Conakry;Guinea;unknown
Kankan;Guinea;unknown
Bissau;Guinea-Bissau;unknown
Bafat;Guinea-Bissau;unknown
Bubaque;Guinea-Bissau;unknown
Gab;Guinea-Bissau;unknown
Banjul;The Gambia;unknown
Dakar;Senegal;unknown
Saint-Louis;Senegal;unknown
Nouakchott;Mauritania;unknown
Ouadne;Mauritania;unknown
Chinguetti;Mauritania;unknown
Bamako;Mali;unknown
Mopti;Mali;unknown
Sgou;Mali;unknown
Sikasso;Mali;unknown
Timbuktu;Mali;unknown
Falso Cabo Blanco;Western Sahara;unknown
Layoune;Western Sahara;unknown
Dakhla;Western Sahara;unknown
Marrakesh;Morocco;unknown
Tangier;Morocco;unknown
Agadir;Morocco;unknown
Rabat;Morocco;unknown
Mekns;Morocco;unknown
Tetouan;Morocco;unknown
Oujda;Morocco;unknown
Casablanca;Morocco;unknown
Sidi Ifni;Morocco;unknown
Safi;Morocco;unknown
Algiers;Algeria;unknown
Oran;Algeria;unknown
Annaba;Algeria;unknown
Tamanrasset;Algeria;unknown
Ghardaa;Algeria;unknown
Tlemcen;Algeria;unknown
Constantine;Algeria;unknown
El Oued;Algeria;unknown
Setif;Algeria;unknown
Djanet;Algeria;unknown
Tipaza;Algeria;unknown
Mostaganem;Algeria;unknown
Tunis;Tunisia;unknown
Bizerte;Tunisia;unknown
Tozeur;Tunisia;unknown
Sousse;Tunisia;unknown
Sfax;Tunisia;unknown
Kairouan;Tunisia;unknown
Douz;Tunisia;unknown
Tabarka;Tunisia;unknown
Carthage;Tunisia;unknown
Mahdia;Tunisia;unknown
Djerba;Tunisia;unknown
Monastir;Tunisia;unknown
Tripoli;Libya;unknown
Benghazi;Libya;unknown
Cairo;Egypt;unknown
Alexandria;Egypt;unknown
Aswan;Egypt;unknown
Siwa Oasis;Egypt;unknown
Port Said;Egypt;unknown
Asyut;Egypt;unknown
Ismailia;Egypt;unknown
Suez;Egypt;unknown
Marsa Matrouh;Egypt;unknown
Minya;Egypt;unknown
Al-Qusayr;Egypt;unknown
Socotra Island;Yemen;unknown
Al-Qusayr;Egypt;unknown
Socotra Island;Yemen;unknown
Sana'a;Yemen;unknown
Zabd;Yemen;unknown
Amman;Jordan;unknown
Jerash / Jarash;Jordan;unknown
Cappadocia;Turkey;unknown
Hammamat Main;Jordan;unknown
Aqaba;Jordan;unknown
Madame;Jordan;unknown
Beirut;Lebanon;unknown
Baalbek;Lebanon;unknown
Zahl;Lebanon;unknown
Byblos (Jbail);Lebanon;unknown
Riyadh;Saudi Arabia;unknown
Abha;Saudi Arabia;unknown
Taif;Saudi Arabia;unknown
Jeddah;Saudi Arabia;unknown
Mecca;Saudi Arabia;unknown
Tabuk;Saudi Arabia;unknown
Yanbu;Saudi Arabia;unknown
Jizan;Saudi Arabia;unknown
Dammam;Saudi Arabia;unknown
Najran;Saudi Arabia;unknown
Istanbul;Turkey;unknown
Bursa;Turkey;unknown
Edirne;Turkey;unknown
Kusadasi;Turkey;unknown
zmir;Turkey;unknown
Antalya;Turkey;unknown
Ankara;Turkey;unknown
Greme;Turkey;unknown
Alanya;Turkey;unknown
Bodrum;Turkey;unknown
Fethiye;Turkey;unknown
Cappadocia;Turkey;unknown
Pamukkale Water Terraces;Turkey;unknown
Mycra Necropolis;Turkey;unknown
Gamirasu Cave Hotel;Turkey;unknown
Akhaltsikhe;Georgia;unknown
Batumi;Georgia;unknown
Borjomi;Georgia;unknown
Gori;Georgia;unknown
Kutaisi;Georgia;unknown
Mtskheta;Georgia;unknown
Sukhumi;Georgia;unknown
Telavi;Georgia;unknown
Yerevan;Armenia;unknown
Gyumri;Armenia;unknown
Goris;Armenia;unknown
Vanadzor;Armenia;unknown
Yeghegnadzor;Armenia;unknown
Dilijan;Armenia;unknown
Sevan;Armenia;unknown
Ijevan;Armenia;unknown
Kapan;Armenia;unknown
Tsaghkadzor;Armenia;unknown
Karahunge;Armenia;unknown
Goris;Armenia;unknown
Khndzoresk;Armenia;unknown
Wings of Tatev;Armenia;unknown
Baku;Azerbaijan;unknown
Naxivan City;Azerbaijan;unknown
Zaqatala;Azerbaijan;unknown
Quba;Azerbaijan;unknown
Qax;Azerbaijan;unknown
smayll;Azerbaijan;unknown
mkir;Azerbaijan;unknown
Musical Stone of Gobustan;Azerbaijan;unknown
Bottle House of Ganja;Azerbaijan;unknown
Akna;Azerbaijan;unknown
The Gates of Hell;Turkmenistan;unknown
Ashgabat;Turkmenistan;unknown
Geok-Tepe;Turkmenistan;unknown
Mary;Turkmenistan;unknown
Turkmenabat;Turkmenistan;unknown
Kabul;Afganistan;unknown
Kunduz;Afganistan;unknown
Herat;Afganistan;unknown
Shangri-La Lake;Pakistan;unknown
Lahore;Pakistan;unknown
Karachi;Pakistan;unknown
Gilgit Town;Pakistan;unknown
Peshawar;Pakistan;unknown
Quetta;Pakistan;unknown
Multan;Pakistan;unknown
Chitral Town;Pakistan;unknown
Bahawalpur;Pakistan;unknown
Hyderabad;Pakistan;unknown
Murree;Pakistan;unknown
Dushanbe;Tajikistan;unknown
Khujand;Tajikistan;unknown
Sarez Lake;Tajikistan;unknown
Andijon;Uzbekistan;unknown
Tashkent;Uzbekistan;unknown
Ulugnor District;Uzbekistan;unknown
Aralsk;Kazakhstan;unknown
Almaty;Kazakhstan;unknown
Shymkent;Kazakhstan;unknown
Aktau;Kazakhstan;unknown
Atyrau;Kazakhstan;unknown
Taraz;Kazakhstan;unknown
Kaindy Lake;Kazakhstan;unknown
Baikonur;Kazakhstan;unknown
Osh;Kyrgyzstan;unknown
Karakol;Kyrgyzstan;unknown
Kochkor;Kyrgyzstan;unknown
Naryn;Kyrgyzstan;unknown
Cholpon-Ata;Kyrgyzstan;unknown
Kazarman;Kyrgyzstan;unknown
Batken;Kyrgyzstan;unknown
Jalal-Abad;Kyrgyzstan;unknown
Ak-Su;Kyrgyzstan;unknown
Delhi;India;unknown
Ziro;India;unknown
Mumbai (Bombay);India;unknown
Shillong;India;unknown
Jaipur;India;unknown
Kolkata;India;unknown
Leh;India;unknown
Hyderabad;India;unknown
Udaipur;India;unknown
Varanasi;India;unknown
Agra;India;unknown
Chandigarh;India;unknown
Panaji;India;unknown
Sosan;India;unknown
Goa;India;unknown
New Delhi;India;unknown
Kandy;Sri Lanka;unknown
Colombo;Sri Lanka;unknown
Jaffna;Sri Lanka;unknown
Galle;Sri Lanka;unknown
Anuradhapura;Sri Lanka;unknown
Polonnaruwa;Sri Lanka;unknown
Nuwara Eliya;Sri Lanka;unknown
Batticaloa;Sri Lanka;unknown
Negombo;Sri Lanka;unknown
Unawatuna;Sri Lanka;unknown
Manali;India;unknown
Kathmandu;Nepal;unknown
Namche;Nepal;unknown
Patan;Nepal;unknown
Muchu;Nepal;unknown
Bhaktapur;Nepal;unknown
Janakpur;Nepal;unknown
Kirtipur;Nepal;unknown
Biratnagar;Nepal;unknown
Butwal;Nepal;unknown
Jumla;Nepal;unknown
Paro;Bhutan;unknown
Jakar;Bhutan;unknown
Phuentsholing;Bhutan;unknown
Trashigang;Bhutan;unknown
Mongar;Bhutan;unknown
Trongsa;Bhutan;unknown
Wangdue Phondrang;Bhutan;unknown
Punakha;Bhutan;unknown
Bumthang;Bhutan;unknown
Cap-Haitien;Haiti;unknown
Sylhet;Bangladesh;unknown
Rajshahi;Bangladesh;unknown
Cox's Bazar;Bangladesh;unknown
Khulna;Bangladesh;unknown
Rangpur;Bangladesh;unknown
Bandarban;Bangladesh;unknown
Mymensingh;Bangladesh;unknown
Barisal;Bangladesh;unknown
Nagaland;India;unknown
Meghalaya;India;unknown
Tripura;India;unknown
Mizoram;India;unknown
Assam;India;unknown
Arunachal Pradesh;India;unknown
Pyin Oo Lwin;Myanmar (Burma);unknown
Kalaw;Myanmar (Burma);unknown
Mrauk U;Myanmar (Burma);unknown
Bagan;Myanmar (Burma);unknown
Nong Kai;Thailand;unknown
Luang Prabang;Laos;unknown
Vang Vieng;Laos;unknown
Savannakhet;Laos;unknown
Luang Namtha;Laos;unknown
Huay Xai;Laos;unknown
Phonsavan;Laos;unknown
Sinhanoukville;Cambodia;unknown
Koh Kong City;Cambodia;unknown
Pursat;Cambodia;unknown
Dalat;Vietnam;unknown
Danang;Vietnam;unknown
Sapa;Vietnam;unknown
Can Tho;Vietnam;unknown
Vung Tau;Vietnam;unknown
Bai Tu Long;Vietnam;unknown
Cham Island;Vietnam;unknown
My Son;Vietnam;unknown
Kon Plong;Vietnam;unknown
Ulaanbaatar;Mongolia;unknown
Ulaangom;Mongolia;unknown
Mrn;Mongolia;unknown
Erdenet;Mongolia;unknown
Choibalsan;Mongolia;unknown
Khovd City;Mongolia;unknown
Tsetserleg;Mongolia;unknown
Bayankhongor;Mongolia;unknown
Altai;Mongolia;unknown
Bulgan City;Mongolia;unknown
Arvaikheer;Mongolia;unknown
Choir;Mongolia;unknown
Kharkhorin;Mongolia;unknown
Khovd;Mongolia;unknown
Sainshand;Mongolia;unknown
Ulgii;Mongolia;unknown
Zamiin-Uud;Mongolia;unknown
Pyongyang;North Korea;unknown
Paekdusan;North Korea;unknown
Chilbosan;North Korea;unknown
Mangyongdae;North Korea;unknown
Hamhung;North Korea;unknown
Seoul;South Korea;unknown
Busan;South Korea;unknown
Jeju-si;South Korea;unknown
Gwangju;South Korea;unknown
Daegu;South Korea;unknown
Seogwipo;South Korea;unknown
Incheon;South Korea;unknown
Jeonju;South Korea;unknown
Chuncheon;South Korea;unknown
Daejeon;South Korea;unknown
Seonyudo;South Korea;unknown
Ulleungdo;South Korea;unknown
Gyeongju;South Korea;unknown
Tokyo;Japan;unknown
Kyoto;Japan;unknown
Osaka;Japan;unknown
Sapporo;Japan;unknown
Takayama;Japan;unknown
Yokohama;Japan;unknown
Nara;Japan;unknown
Beppu;Japan;unknown
Hiroshima;Japan;unknown
Kamakura;Japan;unknown
Datong;China;unknown
Zhangjiajie;China;unknown
Shanghai;China;unknown
Suzhou;China;unknown
Shangli;China;unknown
Foshan;China;unknown
Xi'an;China;unknown
Panyu;China;unknown
Kaiping;China;unknown
Meijiawu;China;unknown
Hangzhou;China;unknown
Zarechny;Russia;unknown
Moscow;Russia;unknown
Vladivostok;Russia;unknown
Irkutsk;Russia;unknown
Kaliningrad;Russia;unknown
Murmansk;Russia;unknown
Tomsk;Russia;unknown
Khabarovsk;Russia;unknown
Ulan-Ude;Russia;unknown
Sochi;Russia;unknown
Pskov & Pechory;Russia;unknown
Novgorod;Russia;unknown
Yekaterinburg;Russia;unknown
Suzdal;Russia;unknown
Vladimir;Russia;unknown
Karelia;Russia;unknown
Kazan;Russia;unknown
Volgograd;Russia;unknown
Samara;Russia;unknown
Krasnoyarsk;Russia;unknown
Turgoyak;Russia;unknown
Petrozavodsk;Russia;unknown
Kola Peninsula;Russia;unknown
Omsk;Russia;unknown
Taitung;Taiwan;unknown
Hualien;Taiwan;unknown
Taichung;Taiwan;unknown
Makung;Taiwan;unknown
Tamsui;Taiwan;unknown
Beitou;Taiwan;unknown
Chiayi;Taiwan;unknown
Taipei;Taiwan;unknown
Kaohsiung;Taiwan;unknown
Tainan;Taiwan;unknown
Rainbow Family Filliage;Taiwan;unknown
Manila;Philippines;unknown
Cebu City;Philippines;unknown
Iloilo;Philippines;unknown
Puerto Galera;Philippines;unknown
Puerto Princesa;Philippines;unknown
Dumaguete;Philippines;unknown
Baguio;Philippines;unknown
Bacolod;Philippines;unknown
Davao;Philippines;unknown
El Nido;Philippines;unknown
Marikina;Philippines;unknown
LAS PIAS CITY;Philippines;unknown
Ursula Island;Philippines;unknown
Luli Island, Palawan;Philippines;unknown
Siquijor;Philippines;unknown
Antique;Philippines;unknown
Siargao;Philippines;unknown
Polilio Island;Philippines;unknown
ApoReef;Philippines;unknown
Subic Island, Sorsogon;Philippines;unknown
Fortune Island;Philippines;unknown
Burias Island, Masbate;Philippines;unknown
Alibijaban, Quezon Province;Philippines;unknown
Gigantes Island;Philippines;unknown
Onuk Island, Palawan;Philippines;unknown
Bulalacao, Oriental Mindoro;Philippines;unknown
Buscalan, Kalinga;Philippines;unknown
Kuala Lumpur;Malaysia;unknown
Kuching;Malaysia;unknown
George Town;Malaysia;unknown
Kota Kinabalu;Malaysia;unknown
Melaka City;Malaysia;unknown
Miri;Malaysia;unknown
Johor Bahru;Malaysia;unknown
Ipoh;Malaysia;unknown
Kota Bharu;Malaysia;unknown
Kuala Terengganu;Malaysia;unknown
The Perhentian Islands;Malaysia;unknown
Kapas Island;Malaysia;unknown
Kuantan;Malaysia;unknown
Pekan;Malaysia;unknown
Tasik Chini;Malaysia;unknown
Semporna;Malaysia;unknown
Ubud;Indonesia;unknown
Jakarta;Indonesia;unknown
Kuta & Legian;Indonesia;unknown
Seminyak;Indonesia;unknown
Yogyakarta;Indonesia;unknown
Denpasar;Indonesia;unknown
Sanur;Indonesia;unknown
Bandung;Indonesia;unknown
Gili Trawangan;Indonesia;unknown
Solo (Surakarta);Indonesia;unknown
Port Moresby;Papa New Guinea;unknown
Lae;Papa New Guinea;unknown
Madang;Papa New Guinea;unknown
Alotau;Papa New Guinea;unknown
Kokopo;Papa New Guinea;unknown
Alotau;Papa New Guinea;unknown
Kokopo;Papa New Guinea;unknown
Wewak;Papa New Guinea;unknown
Kavieng;Papa New Guinea;unknown
Goroka;Papa New Guinea;unknown
Rabaul;Papa New Guinea;unknown
Buka;Papa New Guinea;unknown
Honiara;Solomon Island;unknown
Gizo;Solomon Island;unknown
Tutuila;American Samoa;unknown
Manu'a Islands;American Samoa;unknown
Ofu & Olosega;American Samoa;unknown
Apia;Somoa;unknown
Taga;Somoa;unknown
Nukunonu;Tokelau;unknown
Atafu;Tokelau;unknown
Sydney;Australia;unknown
Melbourne;Australia;unknown
Coober Pedy;Australia;unknown
Brisbane;Australia;unknown
Cairns;Australia;unknown
Darwin;Australia;unknown
Alice Springs;Australia;unknown
Auckland;New Zealand;unknown
Wellington;New Zealand;unknown
Queenstown;New Zealand;unknown
Christchurch;New Zealand;unknown
Rotorua;New Zealand;unknown
Dunedin;New Zealand;unknown
Taupo;New Zealand;unknown
Tauranga;New Zealand;unknown
Napier;New Zealand;unknown
Nelson;New Zealand;unknown
Grande Terre;New Caledonia;unknown
Noumea;New Caledonia;unknown
Loyalty Islands;New Caledonia;unknown
Lifou;New Caledonia;unknown
le des Pins;New Caledonia;unknown
Ouva;New Caledonia;unknown
The Far South;New Caledonia;unknown
Northeast Coast;New Caledonia;unknown
Mar;New Caledonia;unknown
La Foa & Around;New Caledonia;unknown
Lakatoro;Vanuatu;unknown
Port Vila;Vanuatu;unknown
White Sands;Vanuatu;unknown
Nadi;Fiji;unknown
Levuka;Fiji;unknown
Lautoka;Fiji;unknown
Ba;Fiji;unknown
Futuna & Alofi;Wallis & Futuna;unknown
Southwest Rock;Wallis & Futuna;unknown
Futuna Archipelago;Wallis & Futuna;unknown
Circonscription dAlo;Wallis & Futuna;unknown
Mua;Wallis & Futuna;unknown
Les Deux Lions;Wallis & Futuna;unknown
Mamalon Vert;Wallis & Futuna;unknown
Mua Anchorage;Wallis & Futuna;unknown
Sommet des Pyramides;Wallis & Futuna;unknown
Pointe dAlo;Wallis & Futuna;unknown
Avarua;Cook Islands;unknown
Tahiti;French Polynesia;unknown
Mo'orea;French Polynesia;unknown
The Taumotus;French Polynesia;unknown
The Marquesas;French Polynesia;unknown
Bora Bora;French Polynesia;unknown
Pape'ete;French Polynesia;unknown
Ra'iatea & Taha'a;French Polynesia;unknown
Huahine;French Polynesia;unknown
Rangiroa;French Polynesia;unknown
Ra'iatea;French Polynesia;unknown
Uturoa;French Polynesia;unknown
Paradise Harbor;Antarctica;unknown
South Shetlands Islands;Antarctica;unknown
Pohnpei;Federated States of Micronesia;unknown
Lele;Federated States of Micronesia;unknown
Moen;Federated States of Micronesia;unknown
Chuuk;Federated States of Micronesia;unknown
Yap;Federated States of Micronesia;unknown
Kosrae;Federated States of Micronesia;unknown
Saipan;Northern Mariana Islands;unknown
Rota;Northern Mariana Islands;unknown
Guam;Federated States of Micronesia;unknown
Nauru;Federated States of Micronesia;unknown
Majuro;Marshall Islands;unknown
Kwajalein;Marshall Islands;unknown
Gilbert Islands;Kiribati;unknown
Line Islands;Kiribati;unknown
Phoenix Islands;Kiribati;unknown
Rarotonga;Cook Islands;unknown
Aitutaki;Cook Islands;unknown
Honolulu;Hawaii;unknown
Kahuku;Hawaii;unknown
Kailua;Hawaii;unknown
Lihue;Hawaii;unknown
Lahaina;Hawaii;unknown
Wailuku;Hawaii;unknown
Hilo;Hawaii;unknown
Kailua-Kona;Hawaii;unknown
Waikiki;Hawaii;unknown
Juneau;Alaska;unknown
Deadhorse;Alaska;unknown
Dutch Harbor-Unalaska;Alaska;unknown
Homer;Alaska;unknown
Ketchikan;Alaska;unknown
Kodiak;Alaska;unknown
Kotzebue;Alaska;unknown
Qubec City;Canada;unknown
Ottawa;Canada;unknown
Calgary;Canada;unknown
Halifax;Canada;unknown
Banff Town;Canada;unknown
Victoria;Canada;unknown
Whitehorse;Canada;unknown
Magdalen Islands;Canada;unknown
Manitoulin Island;Canada;unknown
Antigonish County;Canada;unknown
Shediac;Canada;unknown
Yellowknife;Canada;unknown
Akureyri;Iceland;unknown
safjrur;Iceland;unknown
Heimaey;Iceland;unknown
Hsavk;Iceland;unknown
Egilsstair;Iceland;unknown
Hfn;Iceland;unknown
Stykkishlmur;Iceland;unknown
Borgarnes;Iceland;unknown
Seyisfjrur;Iceland;unknown
Vestmannaeyjar;Iceland;unknown
Selfoss;Iceland;unknown
Keflavik;Iceland;unknown
Hafnarfjrur;Iceland;unknown
Ilulissat Town;Greenland;unknown
Sisimiut;Greenland;unknown
Upernavik;Greenland;unknown
Nord;Greenland;unknown
Paamiut;Greenland;unknown
Kangerlussuaq;Greenland;unknown
Maniitsoq;Greenland;unknown
Uummannaq;Greenland;unknown
Ilulissat;Greenland;unknown
Qeqertarsuaq;Greenland;unknown
Qasigiannguit;Greenland;unknown
Aasiaat;Greenland;unknown
Kangaatsiaq;Greenland;unknown
Narsarsuaq;Greenland;unknown
Narsaq;Greenland;unknown
Qaqortoq;Greenland;unknown
Nanortalik;Greenland;unknown
Alluitsup Paa;Greenland;unknown
Eqalugaarsuit;Greenland;unknown
Igaliku;Greenland;unknown
Tasiilaq;Greenland;unknown
Kulusuk;Greenland;unknown
Svalbard;Norway;unknown
Oslo;Norway;unknown
Bergen;Norway;unknown
Troms;Norway;unknown
Trondheim;Norway;unknown
Stavanger;Norway;unknown
lesund;Norway;unknown
Kristiansand;Norway;unknown
Bod;Norway;unknown
Fredrikstad;Norway;unknown
Kristiansund;Norway;unknown
Gteborg;Sweden;unknown
Malm;Sweden;unknown
Uppsala;Sweden;unknown
Lund;Sweden;unknown
Visby;Sweden;unknown
Helsingborg;Sweden;unknown
Norrkping;Sweden;unknown
stersund;Sweden;unknown
Linkping;Sweden;unknown
Sigtuna;Sweden;unknown
Vsters;Sweden;unknown
Vxj;Sweden;unknown
Jnkping;Sweden;unknown
Kiruna;Sweden;unknown
Lule;Sweden;unknown
Ume;Sweden;unknown
rebro;Sweden;unknown
Helsinki;Finland;unknown
Turku;Finland;unknown
Rovaniemi;Finland;unknown
Mariehamn;Finland;unknown
Oulu;Finland;unknown
Vaasa;Finland;unknown
Savonlinna;Finland;unknown
Kuopio;Finland;unknown
Lappeenranta;Finland;unknown
Hmeenlinna;Finland;unknown
Jyvskyl;Finland;unknown
Seinjoki;Finland;unknown
Turku;Finland;unknown
Talinn;Estonia;unknown
Prnu;Estonia;unknown
Kuressaare;Estonia;unknown
Haapsalu;Estonia;unknown
Viljandi;Estonia;unknown
Vru;Estonia;unknown
Krdla;Estonia;unknown
Rakvere;Estonia;unknown
Narva;Estonia;unknown
Valga;Estonia;unknown
Hiiumaa;Estonia;unknown
Riga;Latvia;unknown
Daugavpils;Latvia;unknown
Jurmala;Latvia;unknown
Kuldga;Latvia;unknown
Liepaja;Latvia;unknown
Madona;Latvia;unknown
Sigulda;Latvia;unknown
Valka;Latvia;unknown
Ventspils;Latvia;unknown
Talsi;Latvia;unknown
Valmiera;Latvia;unknown
Vilnius;Lithuania;unknown
Kaunas;Lithuania;unknown
Klaipda;Lithuania;unknown
Palanga;Lithuania;unknown
Nida;Lithuania;unknown
Druskininkai;Lithuania;unknown
iauliai;Lithuania;unknown
Trakai;Lithuania;unknown
Panevys;Lithuania;unknown
Birtonas;Lithuania;unknown
Alytus;Lithuania;unknown
Minsk;Belarus;unknown
Brest;Belarus;unknown
Hrodna;Belarus;unknown
Vitsebsk;Belarus;unknown
Nyasvizh;Belarus;unknown
Mir;Belarus;unknown
Homiel;Belarus;unknown
Polack;Belarus;unknown
Lida;Belarus;unknown
Mahilio;Belarus;unknown
Nesvizh;Belarus;unknown
Odesa;Ukraine;unknown
Lviv;Ukraine;unknown
Kharkiv;Ukraine;unknown
Donetsk;Ukraine;unknown
Dnipro;Ukraine;unknown
Poltave;Ukraine;unknown
Sevastopol;Ukraine;unknown
Kamyanets-Podilsky;Ukraine;unknown
Dnipropetrovsk;Ukraine;unknown
Uman;Ukraine;unknown
Chiinu;Moldova;unknown
Bli;Moldova;unknown
Soroca;Moldova;unknown
Tiraspol;Moldova;unknown
Ungheni;Moldova;unknown
Warsaw;Poland;unknown
Cracow;Poland;unknown
d;Poland;unknown
Wrocaw;Poland;unknown
Pozna;Poland;unknown
Gdask;Poland;unknown
Szczecin;Poland;unknown
Lublin;Poland;unknown
Katowice;Poland;unknown
Bratislava;Slovakia;unknown
Bansk Bystrica;Slovakia;unknown
Bansk tiavnica;Slovakia;unknown
Koice;Slovakia;unknown
Nitra;Slovakia;unknown
Preov;Slovakia;unknown
Trenn;Slovakia;unknown
Trnava;Slovakia;unknown
ilina;Slovakia;unknown
Bardejov;Slovakia;unknown
Smokovec Resort Towns;Slovakia;unknown
Poprad;Slovakia;unknown
Tatransk Lomnica;Slovakia;unknown
Levoa;Slovakia;unknown
ilina;Slovakia;unknown
Budapest;Hungary;unknown
Pcs;Hungary;unknown
Eger;Hungary;unknown
Szeged;Hungary;unknown
Sopron;Hungary;unknown
Debrecen;Hungary;unknown
Keszthely;Hungary;unknown
Szentendre;Hungary;unknown
Kecskemt;Hungary;unknown
Balatonfred;Hungary;unknown
Gyr;Hungary;unknown
Kecskemt;Hungary;unknown
Miskolc;Hungary;unknown
Nyregyhza;Hungary;unknown
Szkesfehrvr;Hungary;unknown
Szombathely;Hungary;unknown
Bucharest;Romania;unknown
Braov;Romania;unknown
Cluj-Napoca;Romania;unknown
Constana;Romania;unknown
Iai;Romania;unknown
Sibiu;Romania;unknown
Sighioara;Romania;unknown
Suceava;Romania;unknown
Timioara;Romania;unknown
Oradea;Romania;unknown
Craiova;Romania;unknown
Sofia;Bulgaria;unknown
Veliko Trnovo;Bulgaria;unknown
Burgas;Bulgaria;unknown
Ruse;Bulgaria;unknown
Shumen;Bulgaria;unknown
Nesebr;Bulgaria;unknown
Sozopol;Bulgaria;unknown
Bansko;Bulgaria;unknown
Athens;Greece;unknown
Hania;Greece;unknown
Rhodes Town;Greece;unknown
Corfu Town;Greece;unknown
Mykonos;Greece;unknown
Rethymno;Greece;unknown
Agios Nikolaos;Greece;unknown
Kos Town;Greece;unknown
Fira;Greece;unknown
Heraklion;Greece;unknown
Patra;Greece;unknown
Volos;Greece;unknown
Berat;Albania;unknown
Gjirokastr;Albania;unknown
Korce;Albania;unknown
Kruje;Albania;unknown
Pogradec;Albania;unknown
Sarand;Albania;unknown
Shkodra;Albania;unknown
Vlor;Albania;unknown
Skopje;Republic of Macedonia;unknown
Ohrid;Republic of Macedonia;unknown
Bitola;Republic of Macedonia;unknown
Kruevo;Republic of Macedonia;unknown
Prilep;Republic of Macedonia;unknown
Struga;Republic of Macedonia;unknown
tip;Republic of Macedonia;unknown
Kumanovo;Republic of Macedonia;unknown
Tetovo;Republic of Macedonia;unknown
Radovi;Republic of Macedonia;unknown
Strumica;Republic of Macedonia;unknown
Pristina;Kosovo;unknown
Peja;Kosovo;unknown
Prizren;Kosovo;unknown
Kotor;Montenegro;unknown
Podgorica;Montenegro;unknown
Budva;Montenegro;unknown
Herceg Novi;Montenegro;unknown
Tivat;Montenegro;unknown
Ulcinj;Montenegro;unknown
Bar;Montenegro;unknown
Cetinje;Montenegro;unknown
Petrovac;Montenegro;unknown
Kolain;Montenegro;unknown
Belgrade;Serbia;unknown
Novi Sad;Serbia;unknown
Subotica;Serbia;unknown
Novi Pazar;Serbia;unknown
Sremski Karlovci;Serbia;unknown
Ni;Serbia;unknown
Split;Croatia;unknown
Dubrovnik;Croatia;unknown
Zagreb;Croatia;unknown
Zadar;Croatia;unknown
Rijeka;Croatia;unknown
Pula;Croatia;unknown
Rovinj;Croatia;unknown
Hvar Town;Croatia;unknown
Pore;Croatia;unknown
Varadin;Croatia;unknown
Sarajevo;Bosnia and Herzegovina;unknown
Jajce;Bosnia and Herzegovina;unknown
Banja Luka;Bosnia and Herzegovina;unknown
Biha;Bosnia and Herzegovina;unknown
Fojnica;Bosnia and Herzegovina;unknown
Mostar;Bosnia and Herzegovina;unknown
Neum;Bosnia and Herzegovina;unknown
Tuzla;Bosnia and Herzegovina;unknown
Teslic;Bosnia and Herzegovina;unknown
Zenica;Bosnia and Herzegovina;unknown
Ljubljana;Slovenia;unknown
Bled;Slovenia;unknown
Maribor;Slovenia;unknown
Piran;Slovenia;unknown
Celje;Slovenia;unknown
Koper;Slovenia;unknown
Ptuj;Slovenia;unknown
Bovec;Slovenia;unknown
Radovljica;Slovenia;unknown
Portoro;Slovenia;unknown
Rome;Italy;unknown
Bologna;Italy;unknown
Florence;Italy;unknown
Genoa;Italy;unknown
Naples;Italy;unknown
Turin;Italy;unknown
Venice;Italy;unknown
Vienna;Austria;unknown
Bregenz;Austria;unknown
Eisenstadt;Austria;unknown
Graz;Austria;unknown
Innsbruck;Austria;unknown
Klagenfurt;Austria;unknown
Linz;Austria;unknown
Salzburg;Austria;unknown
Villach;Austria;unknown
Cologne;Germany;unknown
Dsseldorf;Germany;unknown
Hamburg;Germany;unknown
Stuttgard;Germany;unknown
Wiesbaden;Germany;unknown
Frankfurt am Main;Germany;unknown
Liechtenstein;Germany;unknown
Dinkelsbhl;Germany;unknown
Quedlingburg;Germany;unknown
Monschau;Germany;unknown
Rothenburg ob der Tauber;Germany;unknown
Freiburg;Germany;unknown
Trier;Germany;unknown
Celle;Germany;unknown
Grlitz;Germany;unknown
Fulda;Germany;unknown
Meersburg;Germany;unknown
Geneva;Switzerland;unknown
Zrich;Switzerland;unknown
Lucerne;Switzerland;unknown
Basel;Switzerland;unknown
Bern;Switzerland;unknown
Lausanne;Switzerland;unknown
Interlaken;Switzerland;unknown
Fribourg;Switzerland;unknown
Lugano;Switzerland;unknown
Neuchtel;Switzerland;unknown
Bellinzona;Switzerland;unknown
Chur;Switzerland;unknown
Luxembourg;Luxembourg;unknown
Esch-sur-Alzette;Luxembourg;unknown
Ettelbruck;Luxembourg;unknown
Clervaux;Luxembourg;unknown
Esch-sur-Sure;Luxembourg;unknown
Diekirch;Luxembourg;unknown
Mertert;Luxembourg;unknown
Echternach;Luxembourg;unknown
Grevenmacher;Luxembourg;unknown
Vianden;Luxembourg;unknown
Brussels;Belgium;unknown
Antwerp;Belgium;unknown
Bruges Ghent;Belgium;unknown
Leuven;Belgium;unknown
Lier;Belgium;unknown
Mechelen;Belgium;unknown
Tongeren;Belgium;unknown
Ieper;Belgium;unknown
Binche;Belgium;unknown
Charleroi;Belgium;unknown
Dinant;Belgium;unknown
Lige;Belgium;unknown
Mons;Belgium;unknown
Namur;Belgium;unknown
Spa;Belgium;unknown
Tournai;Belgium;unknown
Verviers;Belgium;unknown
Ardennes;Belgium;unknown
Amsterdam;Netherlands;unknown
Arnhem;Netherlands;unknown
Delft;Netherlands;unknown
Groningen;Netherlands;unknown
The Hague;Netherlands;unknown
Leiden;Netherlands;unknown
Maastricht;Netherlands;unknown
Nijmegen;Netherlands;unknown
Rotterdam;Netherlands;unknown
Utrecht;Netherlands;unknown
Paris;France;unknown
Bordeaux;France;unknown
Bourges;France;unknown
Lille;France;unknown
Lyon;France;unknown
Marseille;France;unknown
Nantes;France;unknown
Strasbourg;France;unknown
Toulouse;France;unknown
Clipperton Island;France;unknown
Madrid;Spain;unknown
Barcelona;Spain;unknown
Bilboa;Spain;unknown
Cadiz;Spain;unknown
Cordoba;Spain;unknown
Granada;Spain;unknown
Seville;Spain;unknown
Zargoza;Spain;unknown
Almeria;Spain;unknown
Lisbon;Portugal;unknown
Aveiro;Portugal;unknown
Braga;Portugal;unknown
Coimbra;Portugal;unknown
Evora;Portugal;unknown
Funchal;Portugal;unknown
Portoro;Portugal;unknown
Viana do Castelo;Portugal;unknown
Albufeira;Portugal;unknown
Guimares;Portugal;unknown
Ftima;Portugal;unknown
London;United Kingdom;unknown
Belfast;United Kingdom;unknown
Birmingham;United Kingdom;unknown
Bristol;United Kingdom;unknown
Cardiff;United Kingdom;unknown
Edinburgh;United Kingdom;unknown
Glasgow;United Kingdom;unknown
Liverpool;United Kingdom;unknown
Manchester;United Kingdom;unknown
Nottingham;United Kingdom;unknown
Bath;United Kingdom;unknown
Dublin;Ireland;unknown
Galway;Ireland;unknown
Killarney;Ireland;unknown
Killkenny;Ireland;unknown
Letterkenny;Ireland;unknown
Limerick;Ireland;unknown
Sligo;Ireland;unknown
Waterford;Ireland;unknown
New York;USA;unknown
Chicago;USA;unknown
Charlston;USA;unknown
Las Vegas;USA;unknown
Seattle;USA;unknown
San Francisco;USA;unknown
Washington;USA;unknown
New Orleans;USA;unknown
Palm Springs;USA;unknown
San Diego;USA;unknown
St. Louis;USA;unknown
Sedona;USA;unknown
Miami;USA;unknown
Branson;USA;unknown
Boston;USA;unknown
Savannah;USA;unknown
Orlando;USA;unknown
Portland;USA;unknown
Lahaina;USA;unknown
Saint Augustine;USA;unknown
Nashville;USA;unknown
Los Angeles;USA;unknown
San Antonio;USA;unknown
Denver;USA;unknown
Anchorage;USA;unknown
Hershey;USA;unknown
Mexico City;Mexico;unknown
Acapulco;Mexico;unknown
Cancun;Mexico;unknown
Guadaljara;Mexico;unknown
Mazatlan;Mexico;unknown
Monterrey;Mexico;unknown
San Luis Potosi;Mexico;unknown
Taxco;Mexico;unknown
Tijuana;Mexico;unknown
Puebla;Mexico;unknown
Ciudad Juarez;Mexico;unknown
Merida;Mexico;unknown
Todos Santos;Mexico;unknown
San Miguel de Allende;Mexico;unknown
Huatulco;Mexico;unknown
Playa del Carmen;Mexico;unknown
Guanajuato;Mexico;unknown
Guatemala City;Guatemala;unknown
Antigua Guatemala;Guatemala;unknown
Flores;Guatemala;unknown
Melchor de Mencos;Guatemala;unknown
Panajachel;Guatemala;unknown
Puerto Barrios;Guatemala;unknown
Puerto San Jos;Guatemala;unknown
Quetzaltenango;Guatemala;unknown
Sayaxch;Guatemala;unknown
Coban;Guatemala;unknown
San Pedro La Laguna;Guatemala;unknown
Chichicastenango;Guatemala;unknown
Huehuetenango;Guatemala;unknown
Lvingston;Guatemala;unknown
Belize City;Belize;unknown
Placencia;Belize;unknown
San Ignacio;Belize;unknown
Dangriga;Belize;unknown
Punta Gorda;Belize;unknown
Corozal Town;Belize;unknown
Orange Walk Town;Belize;unknown
Benque Viejo del Carmen;Belize;unknown
San Pedro Columbia;Belize;unknown
Big Creek;Belize;unknown
Crooked Tree;Belize;unknown
San Salvador;El Salvador;unknown
San Miguel;El Salvador;unknown
Santa Ana;El Salvador;unknown
Juaya;El Salvador;unknown
Ahuachapn;El Salvador;unknown
Apaneca;El Salvador;unknown
Metapn;El Salvador;unknown
Ataco;El Salvador;unknown
La Unin;El Salvador;unknown
San Vicente;El Salvador;unknown
San Miguel;El Salvador;unknown
Acajutla;El Salvador;unknown
La Libertad;El Salvador;unknown
San Francisco Gotera;El Salvador;unknown
Santa Techla;El Salvador;unknown
Suchitoto;El Salvador;unknown
Tegucigalpa;Honduras;unknown
La Ceiba;Honduras;unknown
San Pedro Sula;Honduras;unknown
Tela;Honduras;unknown
Trujillo;Honduras;unknown
Santa Rosa de Copn;Honduras;unknown
Comayagua;Honduras;unknown
Gracias;Honduras;unknown
La Esperanza;Honduras;unknown
Puerto Corts;Honduras;unknown
El Progreso;Honduras;unknown
Cosmayagua;Honduras;unknown
Omoa;Honduras;unknown
Tela;Honduras;unknown
Chinandega;Nicaragua;unknown
Granada;Nicaragua;unknown
Estel;Nicaragua;unknown
Jinotega;Nicaragua;unknown
Len;Nicaragua;unknown
Juigalpa;Nicaragua;unknown
Ocotal;Nicaragua;unknown
Matagalpa;Nicaragua;unknown
San Carlos;Nicaragua;unknown
El Ostional;Nicaragua;unknown
Bluefields;Nicaragua;unknown
Corinto;Nicaragua;unknown
El Bluff;Nicaragua;unknown
Puerto Cabezas;Nicaragua;unknown
Puerto Sandino;Nicaragua;unknown
Rama;Nicaragua;unknown
San Juan del Sur;Nicaragua;unknown
San Carlos;Nicaragua;unknown
Boca de Sabalos;Nicaragua;unknown
El Castillo;Nicaragua;unknown
Solentiname;Nicaragua;unknown
San Juan Del Norte;Nicaragua;unknown
Masachapa;Nicaragua;unknown
Masaya;Nicaragua;unknown
San Jos;Costa Rica;unknown
Cartago;Costa Rica;unknown
Dominical;Costa Rica;unknown
Alajuela;Costa Rica;unknown
Heredia;Costa Rica;unknown
Liberia;Costa Rica;unknown
Puerto Limn;Costa Rica;unknown
Puntarenas;Costa Rica;unknown
Quesada;Costa Rica;unknown
Panama City;Panama;unknown
Bocas del Toro Town;Panama;unknown
Boquete;Panama;unknown
Portobelo;Panama;unknown
David;Panama;unknown
Santa F;Panama;unknown
Santa Catalina;Panama;unknown
Pedas;Panama;unknown
Chitr;Panama;unknown
Penonom;Panama;unknown
Balboa;Panama;unknown
Boca Chica;Panama;unknown
Coronado;Panama;unknown
Cristobal;Panama;unknown
Gamboa;Panama;unknown
Portobelo;Panama;unknown
Santiago;Panama;unknown
Havana;Cuba;unknown
Baracoa;Cuba;unknown
Pinar del Rio;Cuba;unknown
Santa Clara;Cuba;unknown
Santiago de Cuba;Cuba;unknown
Trinidad;Cuba;unknown
Varadero;Cuba;unknown
Cayo Largo;Cuba;unknown
Maria la Gorda;Cuba;unknown
Port-Au-Prince;Haiti;unknown
Jacmel;Haiti;unknown
Les Cayes;Haiti;unknown
Kenscoff;Haiti;unknown
Cap-Hatien;Haiti;unknown
Gonaves;Haiti;unknown
le  Vache;Haiti;unknown
Les Cayes;Haiti;unknown
Petionville;Haiti;unknown
Port-de-Paix;Haiti;unknown
Port-Salut;Haiti;unknown
Aquin;Haiti;unknown
Santo Domingo;Dominican Republic;unknown
Puerto Plata;Dominican Republic;unknown
Cabarete;Dominican Republic;unknown
Las Terrenas;Dominican Republic;unknown
Santiago;Dominican Republic;unknown
La Romana;Dominican Republic;unknown
Saman;Dominican Republic;unknown
Sosa;Dominican Republic;unknown
Las Galeras;Dominican Republic;unknown
Jarabacoa;Dominican Republic;unknown
Higey;Dominican Republic;unknown
San Pedro de Macoris;Dominican Republic;unknown
Juan Dolio;Dominican Republic;unknown
Puerto Plata;Dominican Republic;unknown
Santa Barbara De Samana;Dominican Republic;unknown
Rio San Juan;Dominican Republic;unknown
La Romana;Dominican Republic;unknown
Parrot Cay;Turks and Caicos Islands;unknown
West Caicos;Turks and Caicos Islands;unknown
Cockburn Town;Turks and Caicos Islands;unknown
Balfour Town;Turks and Caicos Islands;unknown
Nassau;The Bahamas;unknown
Freeport;The Bahamas;unknown
Matthew Town;The Bahamas;unknown
Alice Town;The Bahamas;unknown
Marsh Harbour;The Bahamas;unknown
Governor's Harvour;The Bahamas;unknown
McLean's Town;The Bahamas;unknown
Cali;Colombia;unknown
Pereira;Colombia;unknown
Bogot;Colombia;unknown
Bucaramanga;Colombia;unknown
Barranquilla;Colombia;unknown
Cartagena;Colombia;unknown
Medelln;Colombia;unknown
Neiva;Colombia;unknown
Santa Marta;Colombia;unknown
Manizales;Colombia;unknown
Popayn;Colombia;unknown
Carupano;Venezuela;unknown
Coro;Venezuela;unknown
Ciudad Bolivar;Venezuela;unknown
Ciudad Guayana;Venezuela;unknown
Maracaibo;Venezuela;unknown
Maracay;Venezuela;unknown
Mrida;Venezuela;unknown
Puerto La Cruz;Venezuela;unknown
San Cristbal;Venezuela;unknown
Valencia;Venezuela;unknown
Valle de la Pascua;Venezuela;unknown
Barquisimeto;Venezuela;unknown
Port-of-Spain;Trinidad and Tobago;unknown
San Fernando;Trinidad and Tobago;unknown
Scarborough;Trinidad and Tobago;unknown
Chaguanas;Trinidad and Tobago;unknown
Toco;Trinidad and Tobago;unknown
Princes Town;Trinidad and Tobago;unknown
St. James;Trinidad and Tobago;unknown
Guayaquil;Ecuador;unknown
Cuenca;Ecuador;unknown
Puerto Ayora;Ecuador;unknown
Otavalo;Ecuador;unknown
Loja;Ecuador;unknown
Riobamba;Ecuador;unknown
Puerto Baquerizo;Ecuador;unknown
Manta;Ecuador;unknown
Baos;Ecuador;unknown
Bartica;Guyana;unknown
Linden;Guyana;unknown
New Amsterdam;Guyana;unknown
Parika;Guyana;unknown
The Rupununi Savannah;Guyana;unknown
Iwokrama;Guyana;unknown
Paramaribo;Suriname;unknown
Albina;Suriname;unknown
Brownsweg;Suriname;unknown
Lelydorp;Suriname;unknown
Moengo;Suriname;unknown
Nieuw Amsterdam;Suriname;unknown
Nieuw Nickerie;Suriname;unknown
Paranam;Suriname;unknown
Wageningen;Suriname;unknown
Cayenne;French Guiana;unknown
Kourou;French Guiana;unknown
Saint-Laurent;French Guiana;unknown
Saint-Georges;French Guiana;unknown
Lima;Peru;unknown
Arequipa;Peru;unknown
Ayacucho;Peru;unknown
Cajamarca;Peru;unknown
Chiclayo;Peru;unknown
Cuzco;Peru;unknown
Iquitos;Peru;unknown
Puno;Peru;unknown
Trujillo;Peru;unknown
Brasilia;Brazil;unknown
Florianopolis;Brazil;unknown
Fortalenza;Brazil;unknown
Porto Alegre;Brazil;unknown
Sucre;Bolivia;unknown
Rurrenbaque;Bolivia;unknown
Cochabamba;Bolivia;unknown
Oruro;Bolivia;unknown
Potosi;Bolivia;unknown
Santa Cruz;Bolivia;unknown
Tarija;Bolivia;unknown
Tupiza;Bolivia;unknown
Asuncin;Paraguay;unknown
Ciudad del Este;Paraguay;unknown
Encarnacin;Paraguay;unknown
Filadelfia;Paraguay;unknown
Concepcin;Paraguay;unknown
Villeta;Paraguay;unknown
Pilar;Paraguay;unknown
Aregua;Paraguay;unknown
Villarrica;Paraguay;unknown
Montevideo;Uruguay;unknown
Chuy;Uruguay;unknown
Colonia (Colonia del Sacramento);Uruguay;unknown
Durazno;Uruguay;unknown
La Paloma;Uruguay;unknown
Paysandu;Uruguay;unknown
Piriapolis;Uruguay;unknown
Punta del Este;Uruguay;unknown
Salto;Uruguay;unknown
Carmelo;Uruguay;unknown
Mercedes;Uruguay;unknown
Tacuarembo;Uruguay;unknown
Priapolis;Uruguay;unknown
Ushuaia;Argentina;unknown
La Plata;Argentina;unknown
Rosario;Argentina;unknown
Salta;Argentina;unknown
San Carlos de Bariloche;Argentina;unknown
San Juan;Argentina;unknown
San Miguel de Tucuman;Argentina;unknown
Santiago;Chile;unknown
Concepcin;Chile;unknown
Iquique;Chile;unknown
La Serena;Chile;unknown
Valparaso;Chile;unknown
Vina del Mar;Chile;unknown
Punta Arenas;Chile;unknown
El Colorado;Chile;unknown
Portillo;Chile;unknown
Torres del Paine;Chile;unknown
Pichilemu;Chile;unknown
El Colorado;Chile;unknown
Sao Paulo;Brazil;unknown
